{
  "stoichiometry": [1, 2],
  "concentrations" : [0.001000, 0.003979],
  "constants": [3.8092, 5.9182],
  "MaxIter" : 300,
  "ConvThresh": 1e-10
}
