{
  "A": 1,
  "B": 2,
  "A0": 0.00100009,
  "B0": 0.003979,
  "constants": [3.99995, 6.4999],
  "MaxIter" : 1e5,
  "ConvThresh": 1e-10
}
